Name,Timestamp
Pratham 3,2024-12-11 16:38:25
lily,2024-12-11 16:38:27
George,2024-12-11 16:43:18
Mickel,2024-12-11 16:43:23
Pratham 3,2024-12-11 16:43:25
lily,2024-12-11 16:46:10
Pratham 3,2024-12-11 16:48:25
lily,2024-12-11 16:52:08
Pratham 3,2024-12-11 16:53:25
George,2024-12-11 16:53:40
Pratham 3,2024-12-11 16:58:26
Pratham2,2024-12-11 16:59:57
Mickel,2024-12-11 17:00:54
Albert,2024-12-11 17:01:44
George,2024-12-11 17:02:15
Cool Guy,2024-12-11 17:03:05
Cool Guy,2024-12-11 17:03:05
lily,2024-12-11 17:03:10
Alan,2024-12-11 17:03:15
Pratham 3,2024-12-11 17:03:29
Pratham 3,2024-12-11 17:03:29
Pratham 3,2024-12-11 17:08:30
Pratham 3,2024-12-11 17:08:30
lily,2024-12-11 17:12:43
Pratham 3,2024-12-11 17:13:36
Pratham 3,2024-12-11 17:13:36
Mickel,2024-12-11 17:13:44
